;id_receita;soma_pesos;quantidade_itens;titulo;percentual_total
6;97;0.8300000000000001;1;teste;0.8300000000000001
5;96;0.8300000000000001;2;Leite com Nescau;0.41500000000000004
0;89;0.8300000000000001;5;Pão de ló ;0.166
4;94;0.8300000000000001;5;Sagu de vinho;0.166
1;90;0.8300000000000001;7;Pão de forma;0.11857142857142858
2;92;0.8300000000000001;10;Bolo de cenoura;0.083
3;93;0.8300000000000001;11;Strogonoff de carne;0.07545454545454545
